Gene Name,Transcript,Census Tier 1,Sample Name,Sample ID,AA Mutation,CDS Mutation,Primary Tissue,Tissue Subtype 1,Tissue Subtype 2,Histology,Histology Subtype 1,Histology Subtype 2,Pubmed Id,CGP Study,Somatic Status,Sample Type,Zygosity,Genomic Co-ordinates
BRCA1_ENST00000357654,ENST00000357654.8,No,2821380,2821380,p.W1837C,c.5511G>C,Breast,NS,NS,Carcinoma,Basal (triple-negative) carcinoma,NS,26956035,-,Confirmed Somatic,Tumour Sample,Unknown,17:43045759..43045759
BRCA1_ENST00000357654,ENST00000357654.8,No,H_LV-1106-1316406,2768180,p.R1835Q,c.5504G>A,Breast,NS,NS,Carcinoma,ER-positive carcinoma,NS,30181556,-,Variant of unknown origin,Tumour Sample,Unknown,17:43045766..43045766
BRCA1_ENST00000357654,ENST00000357654.8,No,2821712,2821712,p.R1835*,c.5503C>T,Breast,NS,NS,Carcinoma,Basal (triple-negative) carcinoma,NS,27194814,-,Confirmed Somatic,Tumour Sample,Unknown,17:43045767..43045767
BRCA1_ENST00000357654,ENST00000357654.8,No,SG-NCC018,2810731,p.R1835*,c.5503C>T,Breast,NS,NS,Carcinoma,Basal (triple-negative) carcinoma,NS,30062102,-,Previously Reported,Tumour Sample,Heterozygous,17:43045767..43045767
BRCA1_ENST00000357654,ENST00000357654.8,No,H_LV-2524-1320532,2767632,p.M1827L,c.5479A>C,Breast,NS,NS,Carcinoma,ER-positive carcinoma,NS,30181556,-,Variant of unknown origin,Tumour Sample,Unknown,17:43045791..43045791
BRCA1_ENST00000357654,ENST00000357654.8,No,P-0000409-T01-IM3,2715225,p.G1825R,c.5473G>C,Breast,NS,NS,Carcinoma,Ductal carcinoma,NS,28481359,-,Confirmed Somatic,Tumour Sample,Heterozygous,17:43045797..43045797
BRCA1_ENST00000357654,ENST00000357654.8,No,2697863,2697863,p.W1815*,c.5444G>A,Breast,NS,NS,Carcinoma,NS,NS,29349598,-,Variant of unknown origin,Unknown,Unknown,17:43047666..43047666
BRCA1_ENST00000357654,ENST00000357654.8,No,TCGA-BH-A0DS-01,1899917,p.Q1811L,c.5432A>T,Breast,NS,NS,Carcinoma,NS,NS,-,414,Confirmed Somatic,Tumour Sample,Unknown,17:43047678..43047678
BRCA1_ENST00000357654,ENST00000357654.8,No,H_KU-444-1226776,2767944,p.V1804D,c.5411T>A,Breast,NS,NS,Carcinoma,ER-positive carcinoma,NS,30181556,-,Variant of unknown origin,Tumour Sample,Unknown,17:43047699..43047699
BRCA1_ENST00000357654,ENST00000357654.8,No,2772408,2772408,p.?,c.5407-1G>T,Breast,NS,NS,Carcinoma,ER-PR-positive carcinoma,NS,29807833,-,Confirmed Somatic,Tumour Sample,Unknown,17:43047704..43047704
BRCA1_ENST00000357654,ENST00000357654.8,No,2318501,2318501,p.S1796Lfs*34,c.5385_5386insC,Breast,NS,NS,Carcinoma,ER-positive carcinoma,NS,24185510,-,Confirmed Somatic,Tumour Sample,Unknown,17:43049141..43049142
BRCA1_ENST00000357654,ENST00000357654.8,No,TCGA-AN-A0XU-01,1899768,p.G1788V,c.5363G>T,Breast,NS,NS,Carcinoma,NS,NS,-,414,Confirmed Somatic,Tumour Sample,Unknown,17:43049164..43049164
BRCA1_ENST00000357654,ENST00000357654.8,No,H_KU-266-266_B6_core,2768819,p.M1783T,c.5348T>C,Breast,NS,NS,Carcinoma,NS,NS,30181556,-,Variant of unknown origin,Tumour Sample,Unknown,17:43049179..43049179
BRCA1_ENST00000357654,ENST00000357654.8,No,PD6016a2,1858561,p.?,c.5332+549C>T,Breast,NS,NS,Carcinoma,Lobular carcinoma,NS,-,652,Confirmed Somatic,Tumour Sample,Unknown,17:43050514..43050514
BRCA1_ENST00000357654,ENST00000357654.8,No,PD11742a,1768176,p.F1772Lfs*29,c.5293_5315dup,Breast,NS,NS,Carcinoma,Lobular carcinoma,NS,27135926,-,Confirmed Somatic,Unknown,Unknown,17:43051102..43051103
BRCA1_ENST00000357654,ENST00000357654.8,No,PD9702a,1655488,p.?,c.5278-394_5278-358del,Breast,NS,NS,Carcinoma,Ductal carcinoma,NS,-,652,Confirmed Somatic,Tumour Sample,Unknown,17:43051476..43051512
BRCA1_ENST00000357654,ENST00000357654.8,No,PD9567a,1649030,p.?,c.5278-589C>T,Breast,NS,NS,Carcinoma,Ductal carcinoma,NS,-,652,Confirmed Somatic,Unknown,Unknown,17:43051706..43051706
BRCA1_ENST00000357654,ENST00000357654.8,No,PD4955a,1459226,p.?,c.5278-1136T>C,Breast,NS,NS,Carcinoma,Ductal carcinoma,NS,-,652,Confirmed Somatic,Tumour Sample,Unknown,17:43052253..43052253
BRCA1_ENST00000357654,ENST00000357654.8,No,PD13622a,1892089,p.?,c.5278-2264C>G,Breast,NS,NS,Carcinoma,Ductal carcinoma,NS,-,652,Confirmed Somatic,Unknown,Unknown,17:43053381..43053381
BRCA1_ENST00000357654,ENST00000357654.8,No,PD11326a,1744634,p.?,c.5277+1075C>T,Breast,NS,NS,Carcinoma,Ductal carcinoma,NS,-,652,Confirmed Somatic,Unknown,Unknown,17:43055977..43055977
BRCA1_ENST00000357654,ENST00000357654.8,No,MDA-Mb-436,1289400,p.?,c.5277+1G>A,Breast,NS,NS,Carcinoma,Basal (triple-negative) carcinoma,NS,19593635,-,Variant of unknown origin,Cultured,Homozygous,17:43057051..43057051
BRCA1_ENST00000357654,ENST00000357654.8,No,HCC1937,1289389,p.Q1756Pfs*74,c.5266dup,Breast,NS,NS,Carcinoma,Basal (triple-negative) carcinoma,NS,19593635,-,Variant of unknown origin,Cultured,Homozygous,17:43057065..43057066
BRCA1_ENST00000357654,ENST00000357654.8,No,MBC564,2807326,p.R1744K,c.5231G>A,Breast,NS,NS,Carcinoma,NS,NS,31340200,-,Previously Reported,Tumour Sample,Unknown,17:43057098..43057098
BRCA1_ENST00000357654,ENST00000357654.8,No,PD7215a,1527353,p.D1739V,c.5216A>T,Breast,NS,NS,Carcinoma,Ductal carcinoma,NS,27135926,652,Confirmed Somatic,Tumour Sample,Unknown,17:43057113..43057113
BRCA1_ENST00000357654,ENST00000357654.8,No,PD6041a,1480186,p.?,c.5194-172G>A,Breast,NS,NS,Carcinoma,Ductal carcinoma,NS,-,652,Confirmed Somatic,Tumour Sample,Unknown,17:43057307..43057307
BRCA1_ENST00000357654,ENST00000357654.8,No,PD9595a,1649408,p.?,c.5194-1933T>C,Breast,NS,NS,Carcinoma,Ductal carcinoma,NS,-,652,Confirmed Somatic,Tumour Sample,Unknown,17:43059068..43059068
BRCA1_ENST00000357654,ENST00000357654.8,No,H_KU-3126-1316063,2767723,p.E1731Q,c.5191G>C,Breast,NS,NS,Carcinoma,ER-positive carcinoma,NS,30181556,-,Variant of unknown origin,Tumour Sample,Unknown,17:43063335..43063335
BRCA1_ENST00000357654,ENST00000357654.8,No,H_KU-769-769_ER_PR,2768839,p.N1730S,c.5189A>G,Breast,NS,NS,Carcinoma,NS,NS,30181556,-,Variant of unknown origin,Tumour Sample,Unknown,17:43063337..43063337
BRCA1_ENST00000357654,ENST00000357654.8,No,MBC_47,2662750,p.R1726Kfs*5,c.5177_5178del,Breast,NS,NS,Carcinoma,Basal (triple-negative) carcinoma,NS,28027327,-,Confirmed Somatic,Tumour Sample,Unknown,17:43063349..43063350
BRCA1_ENST00000357654,ENST00000357654.8,No,P-0010457-T01-IM5,2726190,p.K1724*,c.5170A>T,Breast,NS,NS,Carcinoma,Ductal carcinoma,NS,28481359,-,Confirmed Somatic,Tumour Sample,Heterozygous,17:43063356..43063356
BRCA1_ENST00000357654,ENST00000357654.8,No,PD22366a,2199791,p.Q1721R,c.5162A>G,Breast,NS,NS,Carcinoma,Ductal carcinoma,NS,-,652,Confirmed Somatic,Unknown,Unknown,17:43063364..43063364
BRCA1_ENST00000357654,ENST00000357654.8,No,H_KU-834-834_4_core,2768848,p.C1697R,c.5089T>C,Breast,NS,NS,Carcinoma,NS,NS,30181556,-,Variant of unknown origin,Tumour Sample,Unknown,17:43063937..43063937
BRCA1_ENST00000357654,ENST00000357654.8,No,2821711,2821711,p.?,c.5074+1G>T,Breast,NS,NS,Carcinoma,Basal (triple-negative) carcinoma,NS,27194814,-,Confirmed Somatic,Tumour Sample,Unknown,17:43067607..43067607
BRCA1_ENST00000357654,ENST00000357654.8,No,H_KU-10705-10705_2J_core,2768785,p.T1677Ifs*2,c.5030_5033del,Breast,NS,NS,Carcinoma,NS,NS,30181556,-,Variant of unknown origin,Tumour Sample,Unknown,17:43067652..43067655
BRCA1_ENST00000357654,ENST00000357654.8,No,H_LV-2517-1320531,2767963,p.A1669S,c.5005G>T,Breast,NS,NS,Carcinoma,ER-positive carcinoma,NS,30181556,-,Variant of unknown origin,Tumour Sample,Unknown,17:43067677..43067677
BRCA1_ENST00000357654,ENST00000357654.8,No,H_KU-10610-10610_A2_core,2768768,p.A1669S,c.5005G>T,Breast,NS,NS,Carcinoma,NS,NS,30181556,-,Variant of unknown origin,Tumour Sample,Unknown,17:43067677..43067677
BRCA1_ENST00000357654,ENST00000357654.8,No,PD11369a,1759821,p.?,c.4987-498G>A,Breast,NS,NS,Carcinoma,Ductal carcinoma,NS,-,652,Confirmed Somatic,Unknown,Unknown,17:43068193..43068193
BRCA1_ENST00000357654,ENST00000357654.8,No,PD18101a,2030328,p.?,c.4986+938T>C,Breast,NS,NS,Carcinoma,Ductal carcinoma,Mucinous,-,652,Confirmed Somatic,Unknown,Unknown,17:43069990..43069990
BRCA1_ENST00000357654,ENST00000357654.8,No,PD6721a,1502988,p.?,c.4986+80T>A,Breast,NS,NS,Carcinoma,Ductal carcinoma,NS,-,652,Confirmed Somatic,Tumour Sample,Unknown,17:43070848..43070848
BRCA1_ENST00000357654,ENST00000357654.8,No,P-0010758-T01-IM5,2726439,p.V1654Cfs*4,c.4960del,Breast,NS,NS,Carcinoma,Ductal carcinoma,NS,28481359,-,Confirmed Somatic,Tumour Sample,Heterozygous,17:43070955..43070955
BRCA1_ENST00000357654,ENST00000357654.8,No,2772386,2772386,p.R1649Tfs*7,c.4946_4952del,Breast,NS,NS,Carcinoma,Basal (triple-negative) carcinoma,NS,29807833,-,Confirmed Somatic,Tumour Sample,Unknown,17:43070962..43070968
BRCA1_ENST00000357654,ENST00000357654.8,No,H_KU-868-868_F_core,2768857,p.R1645T,c.4934G>C,Breast,NS,NS,Carcinoma,NS,NS,30181556,-,Variant of unknown origin,Tumour Sample,Unknown,17:43070980..43070980
BRCA1_ENST00000357654,ENST00000357654.8,No,TCGA-D8-A27M-01,1900097,p.P1614Qfs*19,c.4841del,Breast,NS,NS,Carcinoma,NS,NS,-,414,Confirmed Somatic,Tumour Sample,Unknown,17:43071074..43071074
BRCA1_ENST00000357654,ENST00000357654.8,No,H_KU-728-728_B_b_core,2768438,p.P1614Qfs*19,c.4841del,Breast,NS,NS,Carcinoma,Hormone receptor-positive carcinoma,NS,30181556,-,Previously Reported,Tumour Sample,Unknown,17:43071074..43071074
BRCA1_ENST00000357654,ENST00000357654.8,No,PD401-BL,2674327,p.S1613G,c.4837A>G,Breast,NS,NS,Carcinoma,ER-positive carcinoma,NS,28270497,-,Confirmed Somatic,Tumour Sample,Unknown,17:43071077..43071077
BRCA1_ENST00000357654,ENST00000357654.8,No,MBC_29,2662730,p.L1600=,c.4800G>A,Breast,NS,NS,Carcinoma,ER-PR-positive carcinoma,NS,28027327,-,Confirmed Somatic,Tumour Sample,Unknown,17:43071114..43071114
BRCA1_ENST00000357654,ENST00000357654.8,No,2697837,2697837,p.R1589C,c.4765C>T,Breast,NS,NS,Carcinoma,NS,NS,29349598,-,Confirmed Somatic,Unknown,Unknown,17:43071149..43071149
BRCA1_ENST00000357654,ENST00000357654.8,No,MBC_29,2662730,p.E1581K,c.4741G>A,Breast,NS,NS,Carcinoma,ER-PR-positive carcinoma,NS,28027327,-,Confirmed Somatic,Tumour Sample,Unknown,17:43071173..43071173
BRCA1_ENST00000357654,ENST00000357654.8,No,TCGA-BH-A2L8-01,2187793,p.D1578H,c.4732G>C,Breast,NS,NS,Carcinoma,NS,NS,-,414,Confirmed Somatic,Unknown,Unknown,17:43071182..43071182
BRCA1_ENST00000357654,ENST00000357654.8,No,H_KU-4755-1315996,2767642,p.S1577P,c.4729T>C,Breast,NS,NS,Carcinoma,ER-positive carcinoma,NS,30181556,-,Variant of unknown origin,Tumour Sample,Unknown,17:43071185..43071185
BRCA1_ENST00000357654,ENST00000357654.8,No,P-0000495-T01-IM3,2715406,p.S1569G,c.4705A>G,Breast,NS,NS,Carcinoma,Ductal carcinoma,NS,28481359,-,Confirmed Somatic,Tumour Sample,Heterozygous,17:43071209..43071209
BRCA1_ENST00000357654,ENST00000357654.8,No,H_KU-20242-20242_core,2768816,p.Y1563Tfs*38,c.4687del,Breast,NS,NS,Carcinoma,NS,NS,30181556,-,Variant of unknown origin,Tumour Sample,Unknown,17:43071228..43071228
BRCA1_ENST00000357654,ENST00000357654.8,No,TCGA-BH-A0WA-01,1779649,p.?,c.4676-1G>A,Breast,NS,NS,Carcinoma,NS,NS,-,414,Confirmed Somatic,Tumour Sample,Unknown,17:43071239..43071239
BRCA1_ENST00000357654,ENST00000357654.8,No,PD22360a,2199779,p.?,c.4675+464C>G,Breast,NS,NS,Carcinoma,Ductal carcinoma,NS,-,652,Confirmed Somatic,Unknown,Unknown,17:43073867..43073867
BRCA1_ENST00000357654,ENST00000357654.8,No,2821385,2821385,p.?,c.4674_4675+17del,Breast,NS,NS,Carcinoma,Basal (triple-negative) carcinoma,NS,26956035,-,Confirmed Somatic,Tumour Sample,Heterozygous,17:43074316..43074334
BRCA1_ENST00000357654,ENST00000357654.8,No,P-0012120-T01-IM5,2727260,p.Q1525H,c.4575A>T,Breast,NS,NS,Carcinoma,Ductal carcinoma,NS,28481359,-,Confirmed Somatic,Tumour Sample,Heterozygous,17:43074431..43074431
BRCA1_ENST00000357654,ENST00000357654.8,No,H_KU-KP49-KP49,2768276,p.Q1525Rfs*5,c.4574_4575del,Breast,NS,NS,Carcinoma,ER-positive carcinoma,NS,30181556,-,Variant of unknown origin,Tumour Sample,Unknown,17:43074431..43074432
BRCA1_ENST00000357654,ENST00000357654.8,No,MTC03,2628416,p.D1506H,c.4516G>C,Breast,NS,NS,Carcinoma,Metaplastic carcinoma,NS,28153863,-,Confirmed Somatic,Tumour Sample,Unknown,17:43074490..43074490
BRCA1_ENST00000357654,ENST00000357654.8,No,8-IDC,2579117,p.D1505Mfs*43,c.4512del,Breast,NS,NS,Carcinoma,Ductal carcinoma,NS,26806567,-,Confirmed Somatic,Tumour Sample,Unknown,17:43074494..43074494
BRCA1_ENST00000357654,ENST00000357654.8,No,8-MGA,2579116,p.D1505Mfs*43,c.4512del,Breast,NS,NS,Other,Adenosis,NS,26806567,-,Confirmed Somatic,Tumour Sample,Unknown,17:43074494..43074494
BRCA1_ENST00000357654,ENST00000357654.8,No,PD4192a,1351047,p.?,c.4484+809G>A,Breast,NS,NS,Carcinoma,Ductal carcinoma,NS,-,652,Confirmed Somatic,Tumour Sample,Unknown,17:43075679..43075679
BRCA1_ENST00000357654,ENST00000357654.8,No,TCGA-AC-A5EH-01,2457504,p.S1483=,c.4449T>C,Breast,NS,NS,Carcinoma,NS,NS,-,414,Confirmed Somatic,Tumour Sample,Unknown,17:43076523..43076523
BRCA1_ENST00000357654,ENST00000357654.8,No,MBC092T,2807258,p.D1475E,c.4425C>A,Breast,NS,NS,Carcinoma,Ductal carcinoma,NS,31340200,-,Variant of unknown origin,Tumour Sample,Unknown,17:43076547..43076547
BRCA1_ENST00000357654,ENST00000357654.8,No,2821710,2821710,p.G1471Afs*34,c.4412del,Breast,NS,NS,Carcinoma,Luminal B carcinoma,NS,27194814,-,Confirmed Somatic,Tumour Sample,Unknown,17:43076561..43076561
BRCA1_ENST00000357654,ENST00000357654.8,No,PD6409a,1491600,p.?,c.4358-494A>G,Breast,NS,NS,Carcinoma,Ductal carcinoma,NS,-,652,Confirmed Somatic,Tumour Sample,Unknown,17:43077108..43077108
BRCA1_ENST00000357654,ENST00000357654.8,No,PD24325a,2241690,p.?,c.4358-1198G>C,Breast,NS,NS,Carcinoma,Ductal carcinoma,NS,-,652,Confirmed Somatic,Unknown,Unknown,17:43077812..43077812
BRCA1_ENST00000357654,ENST00000357654.8,No,PD11338a,1749306,p.?,c.4358-2690C>T,Breast,NS,NS,Carcinoma,Ductal carcinoma,NS,-,652,Confirmed Somatic,Unknown,Unknown,17:43079304..43079304
BRCA1_ENST00000357654,ENST00000357654.8,No,PD13753a,1908685,p.?,c.4357+2827C>G,Breast,NS,NS,Carcinoma,Ductal carcinoma,NS,-,652,Confirmed Somatic,Unknown,Unknown,17:43079577..43079577
BRCA1_ENST00000357654,ENST00000357654.8,No,PD9585a,1649378,p.R1443*,c.4327C>T,Breast,NS,NS,Carcinoma,Ductal carcinoma,NS,27135926,652,Confirmed Somatic,Tumour Sample,Unknown,17:43082434..43082434
BRCA1_ENST00000357654,ENST00000357654.8,No,H_KU-773-773_7_core,2768840,p.R1443*,c.4327C>T,Breast,NS,NS,Carcinoma,NS,NS,30181556,-,Previously Reported,Tumour Sample,Unknown,17:43082434..43082434
BRCA1_ENST00000357654,ENST00000357654.8,No,H_KU-2139-1320484,2768033,p.L1439F,c.4315C>T,Breast,NS,NS,Carcinoma,ER-positive carcinoma,NS,30181556,-,Previously Reported,Tumour Sample,Unknown,17:43082446..43082446
BRCA1_ENST00000357654,ENST00000357654.8,No,17-ACC-LG,2657324,p.E1419*,c.4255G>T,Breast,NS,NS,Carcinoma,Acinic cell carcinoma,NS,26011570,-,Confirmed Somatic,Tumour Sample,Unknown,17:43082506..43082506
BRCA1_ENST00000357654,ENST00000357654.8,No,TCGA-PE-A5DE-01,2386129,p.E1419K,c.4255G>A,Breast,NS,NS,Carcinoma,NS,NS,-,414,Confirmed Somatic,Tumour Sample,Unknown,17:43082506..43082506
BRCA1_ENST00000357654,ENST00000357654.8,No,TCGA-LL-A8F5-01,2262906,p.Q1408*,c.4222C>T,Breast,NS,NS,Carcinoma,NS,NS,-,414,Confirmed Somatic,Tumour Sample,Unknown,17:43082539..43082539
BRCA1_ENST00000357654,ENST00000357654.8,No,AB,2443941,p.?,c.4185+21_4185+22del,Breast,NS,NS,Carcinoma,Ductal carcinoma,NS,25729435,-,Confirmed Somatic,Tumour Sample,Heterozygous,17:43090933..43090934
BRCA1_ENST00000357654,ENST00000357654.8,No,P-0002858-T01-IM3,2719084,p.Q1395E,c.4183C>G,Breast,NS,NS,Carcinoma,Ductal carcinoma,NS,28481359,-,Confirmed Somatic,Tumour Sample,Heterozygous,17:43090946..43090946
BRCA1_ENST00000357654,ENST00000357654.8,No,H_KU-1007-1007_B_core,2768880,p.Q1395*,c.4183C>T,Breast,NS,NS,Carcinoma,NS,NS,30181556,-,Variant of unknown origin,Tumour Sample,Unknown,17:43090946..43090946
BRCA1_ENST00000357654,ENST00000357654.8,No,PD111-C0,2674337,p.E1373=,c.4119G>A,Breast,NS,NS,Carcinoma,ER-positive carcinoma,NS,28270497,-,Confirmed Somatic,Tumour Sample,Unknown,17:43091010..43091010
BRCA1_ENST00000357654,ENST00000357654.8,No,H_KU-1072-1072_A_core,2768553,p.C1372Efs*2,c.4113_4117del,Breast,NS,NS,Carcinoma,Hormone receptor-positive carcinoma,NS,30181556,-,Variant of unknown origin,Tumour Sample,Unknown,17:43091013..43091017
BRCA1_ENST00000357654,ENST00000357654.8,No,P-0007037-T01-IM5,2723412,p.G1371Vfs*4,c.4108_4111dup,Breast,NS,NS,Carcinoma,Ductal carcinoma,NS,28481359,-,Confirmed Somatic,Tumour Sample,Heterozygous,17:43091021..43091022
BRCA1_ENST00000357654,ENST00000357654.8,No,H_KU-785-785_3_core,2768429,p.N1355Kfs*10,c.4065_4068del,Breast,NS,NS,Carcinoma,Hormone receptor-positive carcinoma,NS,30181556,-,Variant of unknown origin,Tumour Sample,Unknown,17:43091465..43091468
BRCA1_ENST00000357654,ENST00000357654.8,No,TCGA-C8-A12T-01,1900003,p.D1344H,c.4030G>C,Breast,NS,NS,Carcinoma,NS,NS,-,414,Confirmed Somatic,Tumour Sample,Unknown,17:43091501..43091501
BRCA1_ENST00000357654,ENST00000357654.8,No,99815,1520434,p.L1335=,c.4005G>C,Breast,NS,NS,Carcinoma,HER-positive carcinoma,NS,20668451,-,Confirmed Somatic,Tumour Sample,Unknown,17:43091526..43091526
BRCA1_ENST00000357654,ENST00000357654.8,No,TCGA-S3-AA15-01,2339544,p.E1329*,c.3985G>T,Breast,NS,NS,Carcinoma,NS,NS,-,414,Confirmed Somatic,Tumour Sample,Unknown,17:43091546..43091546
BRCA1_ENST00000357654,ENST00000357654.8,No,PD11819a,1785536,p.E1304V,c.3911A>T,Breast,NS,NS,Carcinoma,Ductal carcinoma,NS,-,652,Confirmed Somatic,Unknown,Unknown,17:43091620..43091620
BRCA1_ENST00000357654,ENST00000357654.8,No,PD4847a,1433841,p.S1301N,c.3902G>A,Breast,NS,NS,Carcinoma,Ductal carcinoma,NS,-,652,Confirmed Somatic,Tumour Sample,Unknown,17:43091629..43091629
BRCA1_ENST00000357654,ENST00000357654.8,No,1051011,1051011,p.E1288Kfs*19,c.3862del,Breast,NS,NS,Carcinoma,Ductal carcinoma,NS,15712267,-,Confirmed Somatic,Tumour Sample,Homozygous,17:43091670..43091670
BRCA1_ENST00000357654,ENST00000357654.8,No,H_KU-930-930_B_core,2768869,p.H1284Tfs*23,c.3850del,Breast,NS,NS,Carcinoma,NS,NS,30181556,-,Variant of unknown origin,Tumour Sample,Unknown,17:43091681..43091681
BRCA1_ENST00000357654,ENST00000357654.8,No,H_KU-83-1316286,2767653,p.E1250*,c.3748G>T,Breast,NS,NS,Carcinoma,ER-positive carcinoma,NS,30181556,-,Variant of unknown origin,Tumour Sample,Unknown,17:43091783..43091783
BRCA1_ENST00000357654,ENST00000357654.8,No,1007,2491901,p.T1249P,c.3745A>C,Breast,NS,NS,Fibroepithelial neoplasm,Phyllodes tumour,Benign,26437033,-,Confirmed Somatic,Tumour Sample,Unknown,17:43091786..43091786
BRCA1_ENST00000357654,ENST00000357654.8,No,1007-stroma,2491978,p.T1249P,c.3745A>C,Breast,NS,NS,Fibroepithelial neoplasm,Phyllodes tumour,Benign,26437033,-,Confirmed Somatic,Tumour Sample,Heterozygous,17:43091786..43091786
BRCA1_ENST00000357654,ENST00000357654.8,No,P-0000447-T01-IM3,2715307,p.Q1240L,c.3719A>T,Breast,NS,NS,Carcinoma,Ductal carcinoma,NS,28481359,-,Confirmed Somatic,Tumour Sample,Heterozygous,17:43091812..43091812
BRCA1_ENST00000357654,ENST00000357654.8,No,MBC037T,2807222,p.F1231L,c.3691T>C,Breast,NS,NS,Carcinoma,Ductal carcinoma,NS,31340200,-,Variant of unknown origin,Tumour Sample,Unknown,17:43091840..43091840
BRCA1_ENST00000357654,ENST00000357654.8,No,2821381,2821381,p.C1225Sfs*10,c.3668_3671dup,Breast,NS,NS,Carcinoma,Basal (triple-negative) carcinoma,NS,26956035,-,Confirmed Somatic,Tumour Sample,Unknown,17:43091864..43091865
BRCA1_ENST00000357654,ENST00000357654.8,No,306707_pre,2811689,p.E1222Q,c.3664G>C,Breast,NS,NS,Carcinoma,ER-positive carcinoma,NS,27502118,-,Confirmed Somatic,Tumour Sample,Unknown,17:43091867..43091867
BRCA1_ENST00000357654,ENST00000357654.8,No,306707_post,2811690,p.E1222Q,c.3664G>C,Breast,NS,NS,Carcinoma,ER-positive carcinoma,NS,27502118,-,Confirmed Somatic,Tumour Sample,Unknown,17:43091867..43091867
BRCA1_ENST00000357654,ENST00000357654.8,No,P-0002237-T01-IM3,2718530,p.E1219Ffs*12,c.3654_3666del,Breast,NS,NS,Carcinoma,Ductal carcinoma,NS,28481359,-,Confirmed Somatic,Tumour Sample,Heterozygous,17:43091867..43091879
BRCA1_ENST00000357654,ENST00000357654.8,No,2772383,2772383,p.E1210*,c.3628G>T,Breast,NS,NS,Carcinoma,Basal (triple-negative) carcinoma,NS,29807833,-,Confirmed Somatic,Tumour Sample,Unknown,17:43091903..43091903
BRCA1_ENST00000357654,ENST00000357654.8,No,H_KU-884-884_A8_core,2768862,p.R1203*,c.3607C>T,Breast,NS,NS,Carcinoma,NS,NS,30181556,-,Variant of unknown origin,Tumour Sample,Unknown,17:43091924..43091924
BRCA1_ENST00000357654,ENST00000357654.8,No,PD401-BL,2674327,p.K1183R,c.3548A>G,Breast,NS,NS,Carcinoma,ER-positive carcinoma,NS,28270497,-,Confirmed Somatic,Tumour Sample,Unknown,17:43091983..43091983
BRCA1_ENST00000357654,ENST00000357654.8,No,UACC-812,1289419,p.S1140G,c.3418A>G,Breast,NS,NS,Carcinoma,Luminal NS carcinoma,NS,19593635,-,Variant of unknown origin,Cultured,Homozygous,17:43092113..43092113
BRCA1_ENST00000357654,ENST00000357654.8,No,TCGA-BH-A18G-01,2187796,p.S1139=,c.3417T>C,Breast,NS,NS,Carcinoma,NS,NS,-,414,Confirmed Somatic,Unknown,Unknown,17:43092114..43092114
BRCA1_ENST00000357654,ENST00000357654.8,No,TCGA-AR-A0U4-01,1779502,p.N1121Kfs*12,c.3362dup,Breast,NS,NS,Carcinoma,NS,NS,-,414,Confirmed Somatic,Tumour Sample,Unknown,17:43092170..43092171
BRCA1_ENST00000357654,ENST00000357654.8,No,SG-NCC033,2810741,p.E1115*,c.3342_3345del,Breast,NS,NS,Carcinoma,Basal (triple-negative) carcinoma,NS,30062102,-,Variant of unknown origin,Tumour Sample,Unknown,17:43092187..43092190
BRCA1_ENST00000357654,ENST00000357654.8,No,H_LV-2905-1316033,2767770,p.H1105N,c.3313C>A,Breast,NS,NS,Carcinoma,ER-positive carcinoma,NS,30181556,-,Variant of unknown origin,Tumour Sample,Unknown,17:43092218..43092218
BRCA1_ENST00000357654,ENST00000357654.8,No,TCGA-AN-A046-01,2187824,p.L1098I,c.3292C>A,Breast,NS,NS,Carcinoma,NS,NS,-,414,Confirmed Somatic,Unknown,Unknown,17:43092239..43092239
BRCA1_ENST00000357654,ENST00000357654.8,No,H_KU-KP151-KP151,2768415,p.G1087A,c.3260G>C,Breast,NS,NS,Carcinoma,ER-positive carcinoma,NS,30181556,-,Variant of unknown origin,Tumour Sample,Unknown,17:43092271..43092271
BRCA1_ENST00000357654,ENST00000357654.8,No,H_KU-975-975_A2_core,2768485,p.L1086Dfs*2,c.3254_3255dup,Breast,NS,NS,Carcinoma,Hormone receptor-positive carcinoma,NS,30181556,-,Variant of unknown origin,Tumour Sample,Unknown,17:43092278..43092279
BRCA1_ENST00000357654,ENST00000357654.8,No,TCGA-E9-A54X-01,2187758,p.L1084=,c.3252T>A,Breast,NS,NS,Carcinoma,NS,NS,-,414,Confirmed Somatic,Unknown,Unknown,17:43092279..43092279
BRCA1_ENST00000357654,ENST00000357654.8,No,H_KU-788-788_A1_core,2768552,p.N1081T,c.3242A>C,Breast,NS,NS,Carcinoma,Hormone receptor-positive carcinoma,NS,30181556,-,Variant of unknown origin,Tumour Sample,Unknown,17:43092289..43092289
BRCA1_ENST00000357654,ENST00000357654.8,No,P-0000138-T01-IM3,2714678,p.E1066K,c.3196G>A,Breast,NS,NS,Carcinoma,Ductolobular carcinoma,NS,28481359,-,Confirmed Somatic,Tumour Sample,Heterozygous,17:43092335..43092335
BRCA1_ENST00000357654,ENST00000357654.8,No,4864,2673929,p.S1056F,c.3167C>T,Breast,NS,NS,Carcinoma,Ductal carcinoma,NS,25961742,-,Confirmed Somatic,Tumour Sample,Unknown,17:43092364..43092364
BRCA1_ENST00000357654,ENST00000357654.8,No,PD401-BL,2674327,p.E1038G,c.3113A>G,Breast,NS,NS,Carcinoma,ER-positive carcinoma,NS,28270497,-,Confirmed Somatic,Tumour Sample,Unknown,17:43092418..43092418
BRCA1_ENST00000357654,ENST00000357654.8,No,H_KU-1012-1012_1B_core,2768689,p.N1029Kfs*3,c.3087_3088del,Breast,NS,NS,Carcinoma,Hormone receptor-positive carcinoma,NS,30181556,-,Variant of unknown origin,Tumour Sample,Unknown,17:43092444..43092445
BRCA1_ENST00000357654,ENST00000357654.8,No,MBC542,2807315,p.R1028H,c.3083G>A,Breast,NS,NS,Carcinoma,Ductal carcinoma,NS,31340200,-,Previously Reported,Tumour Sample,Unknown,17:43092448..43092448
BRCA1_ENST00000357654,ENST00000357654.8,No,TCGA-E2-A1L9-01,1900174,p.S1027I,c.3080G>T,Breast,NS,NS,Carcinoma,NS,NS,-,414,Confirmed Somatic,Tumour Sample,Unknown,17:43092451..43092451
BRCA1_ENST00000357654,ENST00000357654.8,No,TCGA-LQ-A4E4-01,2187708,p.V1023=,c.3069G>A,Breast,NS,NS,Carcinoma,NS,NS,-,414,Confirmed Somatic,Unknown,Unknown,17:43092462..43092462
BRCA1_ENST00000357654,ENST00000357654.8,No,99815,1520434,p.E1011K,c.3031G>A,Breast,NS,NS,Carcinoma,HER-positive carcinoma,NS,20668451,-,Confirmed Somatic,Tumour Sample,Unknown,17:43092500..43092500
BRCA1_ENST00000357654,ENST00000357654.8,No,1601760,1601760,p.S988*,c.2963C>G,Breast,NS,NS,Carcinoma,Ductal carcinoma,NS,22116506,-,Confirmed Somatic,Tumour Sample,Heterozygous,17:43092568..43092568
BRCA1_ENST00000357654,ENST00000357654.8,No,107136,1520591,p.I986M,c.2958C>G,Breast,NS,NS,Carcinoma,Basal (triple-negative) carcinoma,NS,20668451,-,Confirmed Somatic,Tumour Sample,Unknown,17:43092573..43092573
BRCA1_ENST00000357654,ENST00000357654.8,No,KPOPBR-014-T,2633594,p.E962K,c.2884G>A,Breast,NS,NS,Carcinoma,NS,NS,-,669,Confirmed Somatic,Tumour Sample,Unknown,17:43092647..43092647
BRCA1_ENST00000357654,ENST00000357654.8,No,P-0006455-T01-IM5,2722832,p.R951K,c.2852G>A,Breast,NS,NS,Carcinoma,Ductal carcinoma,NS,28481359,-,Confirmed Somatic,Tumour Sample,Heterozygous,17:43092679..43092679
BRCA1_ENST00000357654,ENST00000357654.8,No,H_KU-736-736_A_core,2768457,p.G948Efs*52,c.2838del,Breast,NS,NS,Carcinoma,Hormone receptor-positive carcinoma,NS,30181556,-,Variant of unknown origin,Tumour Sample,Unknown,17:43092693..43092693
BRCA1_ENST00000357654,ENST00000357654.8,No,TCGA-A1-A0SH-01,1779256,p.Q934*,c.2800C>T,Breast,NS,NS,Carcinoma,NS,NS,-,414,Confirmed Somatic,Tumour Sample,Unknown,17:43092731..43092731
BRCA1_ENST00000357654,ENST00000357654.8,No,H_LV-631-1316364,2768049,p.G928Afs*72,c.2783del,Breast,NS,NS,Carcinoma,ER-positive carcinoma,NS,30181556,-,Variant of unknown origin,Tumour Sample,Unknown,17:43092749..43092749
BRCA1_ENST00000357654,ENST00000357654.8,No,1050212,1050212,p.I925Nfs*13,c.2773dup,Breast,NS,NS,Carcinoma,Ductal carcinoma,NS,10467410,-,Confirmed Somatic,Tumour Sample,Unknown,17:43092758..43092759
BRCA1_ENST00000357654,ENST00000357654.8,No,TCGA-GM-A2D9-01,2187740,p.S915C,c.2744C>G,Breast,NS,NS,Carcinoma,NS,NS,-,414,Confirmed Somatic,Unknown,Unknown,17:43092787..43092787
BRCA1_ENST00000357654,ENST00000357654.8,No,P-0010035-T01-IM5,2725854,p.G911Efs*89,c.2732del,Breast,NS,NS,Carcinoma,NS,NS,28481359,-,Confirmed Somatic,Tumour Sample,Heterozygous,17:43092800..43092800
BRCA1_ENST00000357654,ENST00000357654.8,No,H_KU-1018-1018_3_core,2768761,p.K894Tfs*8,c.2681_2682del,Breast,NS,NS,Carcinoma,NS,NS,30181556,-,Variant of unknown origin,Tumour Sample,Unknown,17:43092850..43092851
BRCA1_ENST00000357654,ENST00000357654.8,No,H_KU-1072-1072_A_core,2768553,p.A878Gfs*24,c.2633_2634del,Breast,NS,NS,Carcinoma,Hormone receptor-positive carcinoma,NS,30181556,-,Variant of unknown origin,Tumour Sample,Unknown,17:43092897..43092898
BRCA1_ENST00000357654,ENST00000357654.8,No,PD401-BL,2674327,p.P871L,c.2612C>T,Breast,NS,NS,Carcinoma,ER-positive carcinoma,NS,28270497,-,Confirmed Somatic,Tumour Sample,Unknown,17:43092919..43092919
BRCA1_ENST00000357654,ENST00000357654.8,No,P-0015063-T01-IM6,2787162,p.P871S,c.2611C>T,Breast,NS,NS,Carcinoma,ER-positive carcinoma,NS,30537512,-,Confirmed Somatic,Tumour Sample,Unknown,17:43092920..43092920
BRCA1_ENST00000357654,ENST00000357654.8,No,P-0015063-T01-IM6,2787162,p.S868L,c.2603C>T,Breast,NS,NS,Carcinoma,ER-positive carcinoma,NS,30537512,-,Confirmed Somatic,Tumour Sample,Unknown,17:43092928..43092928
BRCA1_ENST00000357654,ENST00000357654.8,No,P-0015063-T01-IM6,2787162,p.S864L,c.2591C>T,Breast,NS,NS,Carcinoma,ER-positive carcinoma,NS,30537512,-,Confirmed Somatic,Tumour Sample,Unknown,17:43092940..43092940
BRCA1_ENST00000357654,ENST00000357654.8,No,2689728,2689728,p.E842K,c.2524G>A,Breast,NS,NS,Carcinoma,Lobular carcinoma,NS,27925203,-,Confirmed Somatic,Tumour Sample,Unknown,17:43093007..43093007
BRCA1_ENST00000357654,ENST00000357654.8,No,H_KU-726-726_1_A_core,2768521,p.T826K,c.2477C>A,Breast,NS,NS,Carcinoma,Hormone receptor-positive carcinoma,NS,30181556,-,Variant of unknown origin,Tumour Sample,Unknown,17:43093054..43093054
BRCA1_ENST00000357654,ENST00000357654.8,No,H_KU-843-843_A_core,2768588,p.N810Y,c.2428A>T,Breast,NS,NS,Carcinoma,Hormone receptor-positive carcinoma,NS,30181556,-,Variant of unknown origin,Tumour Sample,Unknown,17:43093103..43093103
BRCA1_ENST00000357654,ENST00000357654.8,No,H_KU-40039-40039_A_core,2768823,p.N810Y,c.2428A>T,Breast,NS,NS,Carcinoma,NS,NS,30181556,-,Variant of unknown origin,Tumour Sample,Unknown,17:43093103..43093103
BRCA1_ENST00000357654,ENST00000357654.8,No,BB22T,1235104,p.G778C,c.2332G>T,Breast,NS,NS,Carcinoma,Ductal carcinoma,NS,16959974,-,Confirmed Somatic,Tumour Sample,Heterozygous,17:43093199..43093199
BRCA1_ENST00000357654,ENST00000357654.8,No,H_KU-763-763_1__b_core,2768483,p.V772A,c.2315T>C,Breast,NS,NS,Carcinoma,Hormone receptor-positive carcinoma,NS,30181556,-,Variant of unknown origin,Tumour Sample,Unknown,17:43093216..43093216
BRCA1_ENST00000357654,ENST00000357654.8,No,PD401-BL,2674327,p.L771=,c.2311T>C,Breast,NS,NS,Carcinoma,ER-positive carcinoma,NS,28270497,-,Confirmed Somatic,Tumour Sample,Unknown,17:43093220..43093220
BRCA1_ENST00000357654,ENST00000357654.8,No,BB23T,1235105,p.L758F,c.2274G>C,Breast,NS,NS,Carcinoma,Ductolobular carcinoma,NS,16959974,-,Confirmed Somatic,Tumour Sample,Heterozygous,17:43093257..43093257
BRCA1_ENST00000357654,ENST00000357654.8,No,H_KU-761-761_B_b_core,2768837,p.S741F,c.2222C>T,Breast,NS,NS,Carcinoma,NS,NS,30181556,-,Previously Reported,Tumour Sample,Unknown,17:43093309..43093309
BRCA1_ENST00000357654,ENST00000357654.8,No,P-0002915-T01-IM3,2719139,p.E729Rfs*10,c.2181_2182del,Breast,NS,NS,Carcinoma,Ductal carcinoma,NS,28481359,-,Confirmed Somatic,Tumour Sample,Heterozygous,17:43093349..43093350
BRCA1_ENST00000357654,ENST00000357654.8,No,SUM149PT,1289411,p.P724Lfs*12,c.2169del,Breast,NS,NS,Carcinoma,Basal (triple-negative) carcinoma,NS,19593635,-,Variant of unknown origin,Cultured,Homozygous,17:43093362..43093362
BRCA1_ENST00000357654,ENST00000357654.8,No,TCGA-A2-A25B-01,1899647,p.E720*,c.2158G>T,Breast,NS,NS,Carcinoma,NS,NS,-,414,Confirmed Somatic,Tumour Sample,Unknown,17:43093373..43093373
BRCA1_ENST00000357654,ENST00000357654.8,No,H_KU-957-957_1C_core,2768554,p.N714Kfs*4,c.2141dup,Breast,NS,NS,Carcinoma,Hormone receptor-positive carcinoma,NS,30181556,-,Variant of unknown origin,Tumour Sample,Unknown,17:43093392..43093393
BRCA1_ENST00000357654,ENST00000357654.8,No,H_KU-2012-1320467,2767703,p.S708F,c.2123C>T,Breast,NS,NS,Carcinoma,ER-positive carcinoma,NS,30181556,-,Variant of unknown origin,Tumour Sample,Unknown,17:43093408..43093408
BRCA1_ENST00000357654,ENST00000357654.8,No,PD401-BL,2674327,p.S694=,c.2082C>T,Breast,NS,NS,Carcinoma,ER-positive carcinoma,NS,28270497,-,Confirmed Somatic,Tumour Sample,Unknown,17:43093449..43093449
BRCA1_ENST00000357654,ENST00000357654.8,No,H_KU-1008-1008_A_core,2768455,p.S694N,c.2081G>A,Breast,NS,NS,Carcinoma,Hormone receptor-positive carcinoma,NS,30181556,-,Variant of unknown origin,Tumour Sample,Unknown,17:43093450..43093450
BRCA1_ENST00000357654,ENST00000357654.8,No,P-0011369-T01-IM5,2726965,p.E686*,c.2055dup,Breast,NS,NS,Carcinoma,Ductal carcinoma,NS,28481359,-,Confirmed Somatic,Tumour Sample,Heterozygous,17:43093476..43093477
BRCA1_ENST00000357654,ENST00000357654.8,No,H_KU-3915-3915_Ainf2_T,2768460,p.Y655Vfs*18,c.1961dup,Breast,NS,NS,Carcinoma,Hormone receptor-positive carcinoma,NS,30181556,-,Previously Reported,Tumour Sample,Unknown,17:43093577..43093578
BRCA1_ENST00000357654,ENST00000357654.8,No,P-0003885-T01-IM5,2720378,p.E648*,c.1942G>T,Breast,NS,NS,Carcinoma,NS,NS,28481359,-,Confirmed Somatic,Tumour Sample,Heterozygous,17:43093589..43093589
BRCA1_ENST00000357654,ENST00000357654.8,No,TCGA-AO-A1KR-01,1899799,p.C644del,c.1931_1933del,Breast,NS,NS,Carcinoma,NS,NS,-,414,Confirmed Somatic,Tumour Sample,Unknown,17:43093601..43093603
BRCA1_ENST00000357654,ENST00000357654.8,No,MBC095T,2807260,p.A622V,c.1865C>T,Breast,NS,NS,Carcinoma,Ductal carcinoma,NS,31340200,-,Previously Reported,Tumour Sample,Unknown,17:43093666..43093666
BRCA1_ENST00000357654,ENST00000357654.8,No,H_LV-2544-1320534,2767677,p.R613K,c.1838G>A,Breast,NS,NS,Carcinoma,ER-positive carcinoma,NS,30181556,-,Variant of unknown origin,Tumour Sample,Unknown,17:43093693..43093693
BRCA1_ENST00000357654,ENST00000357654.8,No,P-0000947-T01-IM3,2716320,p.K608N,c.1824G>C,Breast,NS,NS,Carcinoma,NS,NS,28481359,-,Confirmed Somatic,Tumour Sample,Heterozygous,17:43093707..43093707
BRCA1_ENST00000357654,ENST00000357654.8,No,H_KU-KP51-KP51,2768268,p.K608Ifs*3,c.1823_1826del,Breast,NS,NS,Carcinoma,ER-positive carcinoma,NS,30181556,-,Variant of unknown origin,Tumour Sample,Unknown,17:43093707..43093710
BRCA1_ENST00000357654,ENST00000357654.8,No,BRC39,2373528,p.S578F,c.1733C>T,Breast,NS,NS,Carcinoma,Luminal NS carcinoma,NS,22722193,-,Confirmed Somatic,Unknown,Unknown,17:43093798..43093798
BRCA1_ENST00000357654,ENST00000357654.8,No,P-0002682-T01-IM3,2718927,p.S561F,c.1682C>T,Breast,NS,NS,Carcinoma,Lobular carcinoma,NS,28481359,-,Confirmed Somatic,Tumour Sample,Heterozygous,17:43093849..43093849
BRCA1_ENST00000357654,ENST00000357654.8,No,P-0002682-T01-IM3,2786906,p.S561F,c.1682C>T,Breast,NS,NS,Carcinoma,ER-positive carcinoma,NS,30537512,-,Confirmed Somatic,Tumour Sample,Homozygous,17:43093849..43093849
BRCA1_ENST00000357654,ENST00000357654.8,No,2821384,2821384,p.N555Ifs*17,c.1664del,Breast,NS,NS,Carcinoma,Basal (triple-negative) carcinoma,NS,26956035,-,Confirmed Somatic,Tumour Sample,Unknown,17:43093868..43093868
BRCA1_ENST00000357654,ENST00000357654.8,No,TCGA-A1-A0SK-01,1899595,p.A521=,c.1563A>G,Breast,NS,NS,Carcinoma,NS,NS,-,414,Confirmed Somatic,Tumour Sample,Unknown,17:43093968..43093968
BRCA1_ENST00000357654,ENST00000357654.8,No,PD7067a,1509149,p.E515*,c.1543G>T,Breast,NS,NS,Carcinoma,Ductal carcinoma,NS,27135926,652,Confirmed Somatic,Tumour Sample,Unknown,17:43093988..43093988
BRCA1_ENST00000357654,ENST00000357654.8,No,H_KU-946-946_A1_core,2768512,p.L512F,c.1534C>T,Breast,NS,NS,Carcinoma,Hormone receptor-positive carcinoma,NS,30181556,-,Previously Reported,Tumour Sample,Unknown,17:43093997..43093997
BRCA1_ENST00000357654,ENST00000357654.8,No,H_KU-867-867_J_core,2768856,p.R496H,c.1487G>A,Breast,NS,NS,Carcinoma,NS,NS,30181556,-,Previously Reported,Tumour Sample,Unknown,17:43094044..43094044
BRCA1_ENST00000357654,ENST00000357654.8,No,H_KU-1042-1042,2768564,p.R496C,c.1486C>T,Breast,NS,NS,Carcinoma,Hormone receptor-positive carcinoma,NS,30181556,-,Previously Reported,Tumour Sample,Unknown,17:43094045..43094045
BRCA1_ENST00000357654,ENST00000357654.8,No,H_KU-1082-1082_B_core,2768789,p.R496C,c.1486C>T,Breast,NS,NS,Carcinoma,NS,NS,30181556,-,Previously Reported,Tumour Sample,Unknown,17:43094045..43094045
BRCA1_ENST00000357654,ENST00000357654.8,No,P-0005508-T01-IM5,2721900,p.R496C,c.1486C>T,Breast,NS,NS,Carcinoma,Ductal carcinoma,NS,28481359,-,Confirmed Somatic,Tumour Sample,Heterozygous,17:43094045..43094045
BRCA1_ENST00000357654,ENST00000357654.8,No,H_KU-10705-10705_2J_core,2768785,p.L481V,c.1441C>G,Breast,NS,NS,Carcinoma,NS,NS,30181556,-,Variant of unknown origin,Tumour Sample,Unknown,17:43094090..43094090
BRCA1_ENST00000357654,ENST00000357654.8,No,H_KU-3908-1316187,2767652,p.R466Q,c.1397G>A,Breast,NS,NS,Carcinoma,ER-positive carcinoma,NS,30181556,-,Variant of unknown origin,Tumour Sample,Unknown,17:43094134..43094134
BRCA1_ENST00000357654,ENST00000357654.8,No,H_KU-858-858_2_core,2768851,p.E453Rfs*22,c.1357del,Breast,NS,NS,Carcinoma,NS,NS,30181556,-,Variant of unknown origin,Tumour Sample,Unknown,17:43094174..43094174
BRCA1_ENST00000357654,ENST00000357654.8,No,1484420,1484420,p.S451*,c.1352C>G,Breast,NS,NS,Carcinoma,Basal (triple-negative) carcinoma,NS,21233401,-,Confirmed Somatic,Tumour Sample,Unknown,17:43094179..43094179
BRCA1_ENST00000357654,ENST00000357654.8,No,H_KU-1194-1194_D_core,2768560,p.H437*,c.1308_1309del,Breast,NS,NS,Carcinoma,Hormone receptor-positive carcinoma,NS,30181556,-,Variant of unknown origin,Tumour Sample,Unknown,17:43094223..43094224
BRCA1_ENST00000357654,ENST00000357654.8,No,2821709,2821709,p.S426*,c.1277del,Breast,NS,NS,Carcinoma,Luminal B carcinoma,NS,27194814,-,Confirmed Somatic,Tumour Sample,Unknown,17:43094254..43094254
BRCA1_ENST00000357654,ENST00000357654.8,No,H_KU-1210-1210_1C_core,2768431,p.K408E,c.1222A>G,Breast,NS,NS,Carcinoma,Hormone receptor-positive carcinoma,NS,30181556,-,Variant of unknown origin,Tumour Sample,Unknown,17:43094309..43094309
BRCA1_ENST00000357654,ENST00000357654.8,No,2821379,2821379,p.R388*,c.1162A>T,Breast,NS,NS,Carcinoma,Basal (triple-negative) carcinoma,NS,26956035,-,Confirmed Somatic,Tumour Sample,Unknown,17:43094369..43094369
BRCA1_ENST00000357654,ENST00000357654.8,No,P-0003306-T01-IM5,2719801,p.I373L,c.1117A>T,Breast,NS,NS,Carcinoma,Ductal carcinoma,NS,28481359,-,Confirmed Somatic,Tumour Sample,Heterozygous,17:43094414..43094414
BRCA1_ENST00000357654,ENST00000357654.8,No,1051010,1051010,p.W372*,c.1116G>A,Breast,NS,NS,Carcinoma,Ductal carcinoma,NS,15712267,-,Confirmed Somatic,Tumour Sample,Homozygous,17:43094415..43094415
BRCA1_ENST00000357654,ENST00000357654.8,No,H_KU-731-731_A_b_core,2768830,p.W372Yfs*5,c.1115_1116del,Breast,NS,NS,Carcinoma,NS,NS,30181556,-,Variant of unknown origin,Tumour Sample,Unknown,17:43094415..43094416
BRCA1_ENST00000357654,ENST00000357654.8,No,103872,1520505,p.V370I,c.1108G>A,Breast,NS,NS,Carcinoma,ER-PR-positive carcinoma,NS,20668451,-,Confirmed Somatic,Tumour Sample,Unknown,17:43094423..43094423
BRCA1_ENST00000357654,ENST00000357654.8,No,TCGA-EW-A2FR-01,2187749,p.D366N,c.1096G>A,Breast,NS,NS,Carcinoma,NS,NS,-,414,Confirmed Somatic,Unknown,Unknown,17:43094435..43094435
BRCA1_ENST00000357654,ENST00000357654.8,No,P-0005508-T01-IM5,2721900,p.P364R,c.1091C>G,Breast,NS,NS,Carcinoma,Ductal carcinoma,NS,28481359,-,Confirmed Somatic,Tumour Sample,Heterozygous,17:43094440..43094440
BRCA1_ENST00000357654,ENST00000357654.8,No,PD3856a,1301769,p.E362=,c.1086G>A,Breast,NS,NS,Carcinoma,NS,NS,22722201,385,Confirmed Somatic,Tumour Sample,Unknown,17:43094445..43094445
BRCA1_ENST00000357654,ENST00000357654.8,No,P-0006504-T02-IM5,2722882,p.L358Kfs*13,c.1072_1082delinsA,Breast,NS,NS,Carcinoma,Ductal carcinoma,NS,28481359,-,Confirmed Somatic,Tumour Sample,Heterozygous,17:43094449..43094459
BRCA1_ENST00000357654,ENST00000357654.8,No,2313862,2313862,p.Q356R,c.1067A>G,Breast,NS,NS,Carcinoma,ER-positive carcinoma,NS,24185512,-,Previously Reported,Tumour Sample,Unknown,17:43094464..43094464
BRCA1_ENST00000357654,ENST00000357654.8,No,SC-her2-042,2313861,p.Q356R,c.1067A>G,Breast,NS,NS,Carcinoma,ER-positive carcinoma,NS,24185512,-,Previously Reported,Tumour Sample,Unknown,17:43094464..43094464
BRCA1_ENST00000357654,ENST00000357654.8,No,H_KU-12250-12250_B20_core,2768525,p.K339Rfs*2,c.1016del,Breast,NS,NS,Carcinoma,Hormone receptor-positive carcinoma,NS,30181556,-,Previously Reported,Tumour Sample,Unknown,17:43094521..43094521
BRCA1_ENST00000357654,ENST00000357654.8,No,H_KU-10628-10628_5_core,2768773,p.V340Gfs*6,c.1016dup,Breast,NS,NS,Carcinoma,NS,NS,30181556,-,Variant of unknown origin,Tumour Sample,Unknown,17:43094521..43094522
BRCA1_ENST00000357654,ENST00000357654.8,No,H_KU-757-757_A_core,2768534,p.S316G,c.946A>G,Breast,NS,NS,Carcinoma,Hormone receptor-positive carcinoma,NS,30181556,-,Variant of unknown origin,Tumour Sample,Unknown,17:43094585..43094585
BRCA1_ENST00000357654,ENST00000357654.8,No,1601763,1601763,p.K309Q,c.925A>C,Breast,NS,NS,Carcinoma,Ductal carcinoma,NS,22116506,-,Confirmed Somatic,Tumour Sample,Unknown,17:43094606..43094606
BRCA1_ENST00000357654,ENST00000357654.8,No,1601764,1601764,p.G275D,c.824G>A,Breast,NS,NS,Carcinoma,Lobular carcinoma,NS,22116506,-,Confirmed Somatic,Tumour Sample,Unknown,17:43094707..43094707
BRCA1_ENST00000357654,ENST00000357654.8,No,TCGA-A8-A06X-01,1899672,p.E272*,c.814G>T,Breast,NS,NS,Carcinoma,NS,NS,-,414,Confirmed Somatic,Tumour Sample,Unknown,17:43094717..43094717
BRCA1_ENST00000357654,ENST00000357654.8,No,PD23561a,2213140,p.A224Gfs*4,c.668dup,Breast,NS,NS,Carcinoma,Ductal carcinoma,NS,27135926,-,Confirmed Somatic,Unknown,Unknown,17:43095853..43095854
BRCA1_ENST00000357654,ENST00000357654.8,No,H_KU-10696-10696_1E_core,2768550,p.E215K,c.643G>A,Breast,NS,NS,Carcinoma,Hormone receptor-positive carcinoma,NS,30181556,-,Variant of unknown origin,Tumour Sample,Unknown,17:43095873..43095873
BRCA1_ENST00000357654,ENST00000357654.8,No,H_LV-2416-1226952,2768131,p.L204F,c.612G>C,Breast,NS,NS,Carcinoma,ER-positive carcinoma,NS,30181556,-,Variant of unknown origin,Tumour Sample,Unknown,17:43095904..43095904
BRCA1_ENST00000357654,ENST00000357654.8,No,PD13418a,1874487,p.?,c.548-252A>G,Breast,NS,NS,Carcinoma,Ductal carcinoma,NS,-,652,Confirmed Somatic,Unknown,Unknown,17:43097541..43097541
BRCA1_ENST00000357654,ENST00000357654.8,No,H_KU-764-764_2_core,2768838,p.Q172Nfs*62,c.514del,Breast,NS,NS,Carcinoma,NS,NS,30181556,-,Variant of unknown origin,Tumour Sample,Unknown,17:43099808..43099808
BRCA1_ENST00000357654,ENST00000357654.8,No,H_KU-1091-1091_1B_core,2768791,p.Q169*,c.505C>T,Breast,NS,NS,Carcinoma,NS,NS,30181556,-,Variant of unknown origin,Tumour Sample,Unknown,17:43099817..43099817
BRCA1_ENST00000357654,ENST00000357654.8,No,H_KU-2906-1316034,2767977,p.S153R,c.457A>C,Breast,NS,NS,Carcinoma,ER-positive carcinoma,NS,30181556,-,Variant of unknown origin,Tumour Sample,Unknown,17:43099865..43099865
BRCA1_ENST00000357654,ENST00000357654.8,No,2770420,2770420,p.T150I,c.449C>T,Breast,NS,NS,Fibroepithelial neoplasm,NS,NS,29969836,-,Variant of unknown origin,Tumour Sample,Unknown,17:43099873..43099873
BRCA1_ENST00000357654,ENST00000357654.8,No,PD4847a,1433841,p.?,c.442-29G>C,Breast,NS,NS,Carcinoma,Ductal carcinoma,NS,-,652,Confirmed Somatic,Tumour Sample,Unknown,17:43099909..43099909
BRCA1_ENST00000357654,ENST00000357654.8,No,PD5930a,1474023,p.?,c.442-1010G>T,Breast,NS,NS,Carcinoma,Ductal carcinoma,NS,-,652,Confirmed Somatic,Tumour Sample,Unknown,17:43100890..43100890
BRCA1_ENST00000357654,ENST00000357654.8,No,DN11190,2549254,p.?,c.442-1945G>C,Breast,NS,NS,Carcinoma,HER-positive carcinoma,NS,-,668,Confirmed Somatic,Tumour Sample,Unknown,17:43101825..43101825
BRCA1_ENST00000357654,ENST00000357654.8,No,PD7307a,1541120,p.?,c.442-1945G>C,Breast,NS,NS,Carcinoma,HER-positive carcinoma,NS,-,652,Confirmed Somatic,Unknown,Unknown,17:43101825..43101825
BRCA1_ENST00000357654,ENST00000357654.8,No,DN11190,2549254,p.?,c.442-1980G>C,Breast,NS,NS,Carcinoma,HER-positive carcinoma,NS,-,668,Confirmed Somatic,Tumour Sample,Unknown,17:43101860..43101860
BRCA1_ENST00000357654,ENST00000357654.8,No,PD7307a,1541120,p.?,c.442-1980G>C,Breast,NS,NS,Carcinoma,HER-positive carcinoma,NS,-,652,Confirmed Somatic,Unknown,Unknown,17:43101860..43101860
BRCA1_ENST00000357654,ENST00000357654.8,No,H_KU-2631-1320545,2767726,p.P142H,c.425C>A,Breast,NS,NS,Carcinoma,ER-positive carcinoma,NS,30181556,-,Variant of unknown origin,Tumour Sample,Unknown,17:43104138..43104138
BRCA1_ENST00000357654,ENST00000357654.8,No,2821387,2821387,p.S127N,c.380G>A,Breast,NS,NS,Carcinoma,Basal (triple-negative) carcinoma,NS,26956035,-,Confirmed Somatic,Tumour Sample,Unknown,17:43104183..43104183
BRCA1_ENST00000357654,ENST00000357654.8,No,2697837,2697837,p.P115*,c.342_343del,Breast,NS,NS,Carcinoma,NS,NS,29349598,-,Confirmed Somatic,Unknown,Unknown,17:43104223..43104224
BRCA1_ENST00000357654,ENST00000357654.8,No,P-0011042-T01-IM5,2726680,p.Y101N,c.301T>A,Breast,NS,NS,Carcinoma,Ductal carcinoma,NS,28481359,-,Confirmed Somatic,Tumour Sample,Heterozygous,17:43104868..43104868
BRCA1_ENST00000357654,ENST00000357654.8,No,2821383,2821383,p.D96N,c.286G>A,Breast,NS,NS,Carcinoma,Basal (triple-negative) carcinoma,NS,26956035,-,Confirmed Somatic,Tumour Sample,Unknown,17:43104883..43104883
BRCA1_ENST00000357654,ENST00000357654.8,No,TCGA-LL-A5YP-01,2262700,p.D96H,c.286G>C,Breast,NS,NS,Carcinoma,NS,NS,-,414,Confirmed Somatic,Tumour Sample,Unknown,17:43104883..43104883
BRCA1_ENST00000357654,ENST00000357654.8,No,TCGA-AO-A0J4-01,1779456,p.V83F,c.247G>T,Breast,NS,NS,Carcinoma,NS,NS,-,414,Confirmed Somatic,Tumour Sample,Unknown,17:43104922..43104922
BRCA1_ENST00000357654,ENST00000357654.8,No,P-0004987-T01-IM5,2721394,p.Q81E,c.241C>G,Breast,NS,NS,Carcinoma,Lobular carcinoma,NS,28481359,-,Confirmed Somatic,Tumour Sample,Heterozygous,17:43104928..43104928
BRCA1_ENST00000357654,ENST00000357654.8,No,PD4953a,1459222,p.?,c.213-733T>C,Breast,NS,NS,Carcinoma,Ductal carcinoma,NS,-,652,Confirmed Somatic,Tumour Sample,Unknown,17:43105689..43105689
BRCA1_ENST00000357654,ENST00000357654.8,No,1601761,1601761,p.?,c.194_212+3del,Breast,NS,NS,Carcinoma,Ductal carcinoma,NS,22116506,-,Confirmed Somatic,Tumour Sample,Unknown,17:43106456..43106477
BRCA1_ENST00000357654,ENST00000357654.8,No,2821382,2821382,p.?,c.194_212+3del,Breast,NS,NS,Carcinoma,Basal (triple-negative) carcinoma,NS,26956035,-,Confirmed Somatic,Tumour Sample,Unknown,17:43106456..43106477
BRCA1_ENST00000357654,ENST00000357654.8,No,P-0008994-T01-IM5,2724995,p.R71Kfs*10,c.211dup,Breast,NS,NS,Carcinoma,Lobular carcinoma,NS,28481359,-,Confirmed Somatic,Tumour Sample,Heterozygous,17:43106460..43106461
BRCA1_ENST00000357654,ENST00000357654.8,No,11905,2673932,p.C61Y,c.182G>A,Breast,NS,NS,Carcinoma,Ductal carcinoma,NS,25961742,-,Confirmed Somatic,Tumour Sample,Unknown,17:43106486..43106486
BRCA1_ENST00000357654,ENST00000357654.8,No,TCGA-A2-A4S0-01,2187877,p.K50T,c.149A>C,Breast,NS,NS,Carcinoma,NS,NS,-,414,Confirmed Somatic,Unknown,Unknown,17:43106519..43106519
BRCA1_ENST00000357654,ENST00000357654.8,No,PD9756a,1660108,p.?,c.135-1215C>G,Breast,NS,NS,Carcinoma,Ductal carcinoma,NS,-,652,Confirmed Somatic,Tumour Sample,Unknown,17:43107748..43107748
BRCA1_ENST00000357654,ENST00000357654.8,No,PD9064a,1617241,p.?,c.135-1452A>G,Breast,NS,NS,Carcinoma,Metaplastic carcinoma,NS,-,652,Confirmed Somatic,Tumour Sample,Unknown,17:43107985..43107985
BRCA1_ENST00000357654,ENST00000357654.8,No,DN1502C,2633584,p.?,c.135-4519C>T,Breast,NS,NS,Carcinoma,HER-positive carcinoma,NS,-,668,Confirmed Somatic,Tumour Sample,Unknown,17:43111052..43111052
BRCA1_ENST00000357654,ENST00000357654.8,No,PD11342a,1749314,p.?,c.134+2837G>T,Breast,NS,NS,Carcinoma,Lobular carcinoma,NS,-,652,Confirmed Somatic,Unknown,Unknown,17:43112889..43112889
BRCA1_ENST00000357654,ENST00000357654.8,No,PD4971a,1463671,p.?,c.134+1574G>A,Breast,NS,NS,Carcinoma,Ductal carcinoma,NS,-,652,Confirmed Somatic,Tumour Sample,Unknown,17:43114152..43114152
BRCA1_ENST00000357654,ENST00000357654.8,No,2821378,2821378,p.?,c.134+2T>G,Breast,NS,NS,Carcinoma,Basal (triple-negative) carcinoma,NS,26956035,-,Confirmed Somatic,Tumour Sample,Unknown,17:43115724..43115724
BRCA1_ENST00000357654,ENST00000357654.8,No,1601762,1601762,p.K38N,c.114G>T,Breast,NS,NS,Carcinoma,Ductal carcinoma,NS,22116506,-,Confirmed Somatic,Tumour Sample,Unknown,17:43115746..43115746
BRCA1_ENST00000357654,ENST00000357654.8,No,HCC2157,749715,p.L30F,c.90G>T,Breast,NS,NS,Carcinoma,Ductal carcinoma,NS,-,678,Confirmed Somatic,Cultured,Heterozygous,17:43115770..43115770
BRCA1_ENST00000357654,ENST00000357654.8,No,PD13802a,1914468,p.L30F,c.90G>C,Breast,NS,NS,Carcinoma,HER-positive carcinoma,NS,25850943,-,Confirmed Somatic,Tumour Sample,Unknown,17:43115770..43115770
BRCA1_ENST00000357654,ENST00000357654.8,No,HCC2157,1235084,p.L30F,c.90G>T,Breast,NS,NS,Carcinoma,Ductal carcinoma,NS,16959974,-,Confirmed Somatic,Cultured,Homozygous,17:43115770..43115770
BRCA1_ENST00000357654,ENST00000357654.8,No,PD4115a,1317065,p.?,c.81-1552T>A,Breast,NS,NS,Carcinoma,Ductal carcinoma,NS,-,"385; 652",Confirmed Somatic,Tumour Sample,Unknown,17:43117331..43117331
BRCA1_ENST00000357654,ENST00000357654.8,No,PD3904a,1230672,p.?,c.81-2266C>T,Breast,NS,NS,Carcinoma,Ductal carcinoma,NS,-,"385; 652",Confirmed Somatic,Tumour Sample,Unknown,17:43118045..43118045
BRCA1_ENST00000357654,ENST00000357654.8,No,DN120FF,2549196,p.?,c.81-2983A>G,Breast,NS,NS,Carcinoma,HER-positive carcinoma,NS,-,668,Confirmed Somatic,Tumour Sample,Unknown,17:43118762..43118762
BRCA1_ENST00000357654,ENST00000357654.8,No,PD23567a,2213152,p.?,c.80+2918C>T,Breast,NS,NS,Carcinoma,Ductal carcinoma,NS,-,652,Confirmed Somatic,Unknown,Unknown,17:43121099..43121099
BRCA1_ENST00000357654,ENST00000357654.8,No,TCGA-A1-A0SO-01,1779260,p.?,c.80+1G>A,Breast,NS,NS,Carcinoma,NS,NS,-,414,Confirmed Somatic,Tumour Sample,Unknown,17:43124016..43124016
BRCA1_ENST00000357654,ENST00000357654.8,No,P-0005423-T01-IM5,2721814,p.E23Afs*18,c.67_68insC,Breast,NS,NS,Carcinoma,Ductal carcinoma,NS,28481359,-,Confirmed Somatic,Tumour Sample,Heterozygous,17:43124029..43124030
BRCA1_ENST00000357654,ENST00000357654.8,No,SUM1315MO2,1289417,p.E23Vfs*17,c.68_69del,Breast,NS,NS,Carcinoma,Basal (triple-negative) carcinoma,NS,19593635,-,Previously Reported,Cultured,Homozygous,17:43124030..43124031
BRCA1_ENST00000357654,ENST00000357654.8,No,P-0005423-T01-IM5,2786972,p.E23Rfs*18,c.66_67insC,Breast,NS,NS,Carcinoma,ER-positive carcinoma,NS,30537512,-,Confirmed Somatic,Tumour Sample,Unknown,17:43124030..43124031
BRCA1_ENST00000357654,ENST00000357654.8,No,MB-T45,2802997,p.Q12_V14delinsH,c.36_41del,Breast,NS,NS,Carcinoma,NS,NS,26960396,-,Confirmed Somatic,Tumour Sample,Unknown,17:43124056..43124061
BRCA1_ENST00000357654,ENST00000357654.8,No,TCGA-A1-A0SI-01,1899594,p.E9Q,c.25G>C,Breast,NS,NS,Carcinoma,NS,NS,-,414,Confirmed Somatic,Tumour Sample,Unknown,17:43124072..43124072
BRCA1_ENST00000357654,ENST00000357654.8,No,2821386,2821386,p.V8F,c.22G>T,Breast,NS,NS,Carcinoma,Basal (triple-negative) carcinoma,NS,26956035,-,Confirmed Somatic,Tumour Sample,Unknown,17:43124075..43124075
BRCA1_ENST00000357654,ENST00000357654.8,No,MBC008T,2807198,p.R7=,c.21C>T,Breast,NS,NS,Carcinoma,Ductal carcinoma,NS,31340200,-,Previously Reported,Tumour Sample,Unknown,17:43124076..43124076
BRCA1_ENST00000357654,ENST00000357654.8,No,TCGA-E2-A1BD-01,1900159,p.D2E,c.6T>A,Breast,NS,NS,Carcinoma,NS,NS,-,414,Confirmed Somatic,Tumour Sample,Unknown,17:43124091..43124091
BRCA1_ENST00000357654,ENST00000357654.8,No,1050644,1050644,p.?,c.-3G>C,Breast,NS,NS,Carcinoma,Ductal carcinoma,NS,9665150,-,Variant of unknown origin,Tumour Sample,Unknown,17:43124099..43124099
BRCA1_ENST00000357654,ENST00000357654.8,No,1050645,1050645,p.?,c.-3G>C,Breast,NS,NS,Carcinoma,Ductal carcinoma,NS,9665150,-,Variant of unknown origin,Tumour Sample,Unknown,17:43124099..43124099
BRCA1_ENST00000357654,ENST00000357654.8,No,ACC18,2814234,p.0,c.1_*del,Breast,NS,NS,Carcinoma,Acinic cell carcinoma,NS,31361912,-,Confirmed Somatic,Tumour Sample,Homozygous,-
BRCA1_ENST00000357654,ENST00000357654.8,No,2212932,2212932,p.?,c.?,Breast,NS,NS,Carcinoma,Ductal carcinoma,NS,24849582,-,Previously Reported,Tumour Sample,Unknown,-
BRCA1_ENST00000357654,ENST00000357654.8,No,2690561,2690561,p.Q563H,c.?,Breast,NS,NS,Carcinoma,Lobular carcinoma,NS,28921573,-,Confirmed Somatic,Tumour Sample,Unknown,-
BRCA1_ENST00000357654,ENST00000357654.8,No,2690650,2690650,p.I492L,c.?,Breast,NS,NS,Carcinoma,Ductal carcinoma,NS,28921573,-,Confirmed Somatic,Tumour Sample,Unknown,-
BRCA1_ENST00000357654,ENST00000357654.8,No,2821698,2821698,p.?,c.?,Breast,NS,NS,Carcinoma,Basal (triple-negative) carcinoma,NS,27194814,-,Confirmed Somatic,Tumour Sample,Homozygous,-
